,mean_pixel_intensity,mean_pixel_intensity,mean_pixel_intensity,mean_pixel_intensity,active_pixel_ratio,active_pixel_ratio,active_pixel_ratio,active_pixel_ratio
,mean,std,min,max,mean,std,min,max
label,,,,,,,,
0,0.49274443263101103,0.005444982533718601,0.4816215080865364,0.511447174963243,0.49274443263101103,0.005444982533718601,0.4816215080865364,0.511447174963243
1,0.4944701998397761,0.006533662308424969,0.465658475110271,0.5164881327452215,0.4944701998397761,0.006533662308424969,0.465658475110271,0.5164881327452215
